sep=;
Run time (s);Round;Exception;deadline;Agreement;Discounted;#agreeing;min.util.;max.util.;Dist. to Pareto;Dist. to Nash;Social Welfare;Agent 1;Agent 2;Agent 3;Agent 4;Utility 1;Utility 2;Utility 3;Utility 4;Disc. Util. 1;Disc. Util. 2;Disc. Util. 3;Disc. Util. 4;Profile 1;Profile 2;Profile 3;Profile 4
12.000;374;;12s;No;No;2;0.00000;0.00000;1.36280;1.58071;0.00000;AgentW@112;AgentH@113;AgentBuyogMain@114;Group1@115;0.0;0.0;0.0;0.0;0.0;0.0;0.0;0.0;party1_utility.xml;party2_utility.xml;party3_utility.xml;party4_utility.xml
10.537;348;;12s;Yes;No;4;0.46845;0.98317;0.00000;0.54725;2.82388;AgentH@120;AgentW@121;AgentBuyogMain@122;Group1@123;0.5508333333333333;0.46845181704095673;0.9831676599530632;0.8214277999999999;0.5508333333333333;0.46845181704095673;0.9831676599530632;0.8214277999999999;party1_utility.xml;party2_utility.xml;party3_utility.xml;party4_utility.xml
10.147;346;;12s;Yes;No;4;0.47014;0.90833;0.00000;0.39115;2.90840;AgentBuyogMain@124;AgentW@125;AgentH@126;Group1@127;0.9083333333333333;0.4701382343192213;0.6608856447553086;0.8690468500000001;0.9083333333333333;0.4701382343192213;0.6608856447553086;0.8690468500000001;party1_utility.xml;party2_utility.xml;party3_utility.xml;party4_utility.xml
9.737;353;;12s;Yes;No;4;0.59964;0.92917;0.00000;0.24363;3.01187;Group1@136;AgentW@137;AgentH@138;AgentBuyogMain@139;0.9291666666666667;0.6497308213786102;0.5996422232313594;0.8333326000000001;0.9291666666666667;0.6497308213786102;0.5996422232313594;0.8333326000000001;party1_utility.xml;party2_utility.xml;party3_utility.xml;party4_utility.xml
11.496;364;;12s;Yes;No;4;0.67857;0.91209;0.00000;0.13753;3.09242;AgentW@144;AgentBuyogMain@145;AgentH@146;Group1@147;0.7725;0.9120887338395958;0.7292599480062285;0.6785708500000001;0.7725;0.9120887338395958;0.7292599480062285;0.6785708500000001;party1_utility.xml;party2_utility.xml;party3_utility.xml;party4_utility.xml
11.486;388;;12s;Yes;No;4;0.58333;0.87605;0.00000;0.23536;2.91464;AgentH@152;AgentBuyogMain@153;AgentW@154;Group1@155;0.7091666666666666;0.8760514919327387;0.7460922880531652;0.5833328500000001;0.7091666666666666;0.8760514919327387;0.7460922880531652;0.5833328500000001;party1_utility.xml;party2_utility.xml;party3_utility.xml;party4_utility.xml
