sep=;
Run time (s);Round;Exception;deadline;Agreement;Discounted;#agreeing;min.util.;max.util.;Dist. to Pareto;Dist. to Nash;Social Welfare;Agent 1;Agent 2;Agent 3;Utility 1;Utility 2;Utility 3;Disc. Util. 1;Disc. Util. 2;Disc. Util. 3;Profile 1;Profile 2;Profile 3
11.202;8665;;12s;Yes;No;3;0.61203;0.97619;0.00000;0.13205;2.30988;Group1@0;Atlas3@1;AgentW@2;0.7216666666666667;0.9761884907982836;0.6120294061545479;0.7216666666666667;0.9761884907982836;0.6120294061545479;party1_utility.xml;party2_utility.xml;party3_utility.xml
11.977;10354;;12s;Yes;No;3;0.61329;0.87833;0.00000;0.23625;2.22990;Atlas3@3;Group1@4;AgentW@5;0.8783333333333334;0.7382820437475793;0.6132873899901766;0.8783333333333334;0.7382820437475793;0.6132873899901766;party1_utility.xml;party2_utility.xml;party3_utility.xml
7.020;6332;;12s;Yes;No;3;0.69241;0.85649;0.00000;0.09921;2.39723;AgentW@6;Group1@7;Atlas3@8;0.8483333333333334;0.8564909885811369;0.6924080946242358;0.8483333333333334;0.8564909885811369;0.6924080946242358;party1_utility.xml;party2_utility.xml;party3_utility.xml
11.969;10015;;12s;Yes;No;3;0.63438;0.90631;0.00000;0.35870;2.24485;Group1@9;AgentW@10;Atlas3@11;0.7041666666666667;0.6343800684069133;0.9063077118400287;0.7041666666666667;0.6343800684069133;0.9063077118400287;party1_utility.xml;party2_utility.xml;party3_utility.xml
11.745;8960;;12s;Yes;No;3;0.68493;0.88167;0.00000;0.26211;2.28329;Atlas3@12;AgentW@13;Group1@14;0.8816666666666667;0.6849303286683233;0.7166903495694148;0.8816666666666667;0.6849303286683233;0.7166903495694148;party1_utility.xml;party2_utility.xml;party3_utility.xml
11.908;8678;;12s;Yes;No;3;0.71766;0.92857;0.00000;0.00000;2.43122;AgentW@15;Atlas3@16;Group1@17;0.7849999999999999;0.9285654723948509;0.7176566046946408;0.7849999999999999;0.9285654723948509;0.7176566046946408;party1_utility.xml;party2_utility.xml;party3_utility.xml
