sep=;
Run time (s);Round;Exception;deadline;Agreement;Discounted;#agreeing;min.util.;max.util.;Dist. to Pareto;Dist. to Nash;Social Welfare;Agent 1;Agent 2;Agent 3;Agent 4;Utility 1;Utility 2;Utility 3;Utility 4;Disc. Util. 1;Disc. Util. 2;Disc. Util. 3;Disc. Util. 4;Profile 1;Profile 2;Profile 3;Profile 4
11.787;254;;12s;Yes;No;4;0.58417;0.91032;0.00000;0.37049;2.90901;Group1@0;Atlas3@1;AgentBuyogMain@2;AgentW@3;0.5841666666666666;0.6645211426556008;0.9103208951175262;0.7499993;0.5841666666666666;0.6645211426556008;0.9103208951175262;0.7499993;party1_utility.xml;party2_utility.xml;party3_utility.xml;party4_utility.xml
11.696;302;;12s;Yes;No;4;0.41090;0.83484;0.00000;0.44990;2.80740;Atlas3@4;Group1@5;AgentBuyogMain@6;AgentW@7;0.8116666666666666;0.4108969606038105;0.8348396201268692;0.7499993;0.8116666666666666;0.4108969606038105;0.8348396201268692;0.7499993;party1_utility.xml;party2_utility.xml;party3_utility.xml;party4_utility.xml
7.193;142;;12s;Yes;No;4;0.59964;0.92917;0.00000;0.24363;3.01187;AgentBuyogMain@8;Group1@9;Atlas3@10;AgentW@11;0.9291666666666667;0.6497308213786102;0.5996422232313594;0.8333326000000001;0.9291666666666667;0.6497308213786102;0.5996422232313594;0.8333326000000001;party1_utility.xml;party2_utility.xml;party3_utility.xml;party4_utility.xml
9.594;330;;12s;Yes;No;4;0.51368;0.89286;0.00000;0.35572;2.95900;AgentW@12;Group1@13;Atlas3@14;AgentBuyogMain@15;0.7883333333333333;0.5136752428857789;0.7641309017078076;0.8928563500000001;0.7883333333333333;0.5136752428857789;0.7641309017078076;0.8928563500000001;party1_utility.xml;party2_utility.xml;party3_utility.xml;party4_utility.xml
10.368;195;;12s;Yes;No;4;0.40476;0.96396;0.12109;0.46891;2.56618;Group1@16;AgentBuyogMain@17;Atlas3@18;AgentW@19;0.595;0.9639627580931429;0.6024549465664614;0.4047616;0.595;0.9639627580931429;0.6024549465664614;0.4047616;party1_utility.xml;party2_utility.xml;party3_utility.xml;party4_utility.xml
